<?xml version='1.0' encoding='UTF-8' ?>
<schemas xmlns='http://xml.netbeans.org/schema/JAXBWizConfig' destdir='build/generated-sources/jaxb' projectName='FlightBookingService' version='1.0'>
	<schema type='-xmlschema' package='flightRetrieval' name='FlightRequest'>
		<xjc-options>
		</xjc-options>
		<schema-sources>
			<schema-source location='src/conf/xml-resources/jaxb/FlightRequest/FlightsAndAirports.xsd' origLocation='src/FlightsAndAirports.xsd'/>
		</schema-sources>
		<bindings>
		</bindings>
		<catalog/>
	</schema>
</schemas>
