<?xml version="1.0" encoding="UTF-8" standalone="yes"?>
<List_Of_Flights xmlns="http://xml.netbeans.org/schema/Flights">
    <flight_details>
		<flight_number>AC1274</flight_number>
		<origin_city>London</origin_city>
		<destination_city>Toronto</destination_city>
		<airline>Air Canada</airline>
		<available_seats>250</available_seats>
		<number_of_connections>0</number_of_connections>
			<fare>
				<currency>GPB</currency>
				<value>899</value>
			</fare>
			<Airport_Address>
				<origin_airport_postcode>TW61EW</origin_airport_postcode>
				<destination_airport_postcode>L5P1B2</destination_airport_postcode>
			</Airport_Address>
		</flight_details>
		
	<flight_details>
		<flight_number>AC0057</flight_number>
		<origin_city>London</origin_city>
		<destination_city>Montreal</destination_city>
		<airline>Air Canada</airline>
		<available_seats>250</available_seats>
		<number_of_connections>1</number_of_connections>
			<fare>
				<currency>GBP</currency>
				<value>899</value>
			</fare>
			<Airport_Address>
				<origin_airport_postcode>TW61EW</origin_airport_postcode>
				<destination_airport_postcode>H4Y1H1</destination_airport_postcode>
			</Airport_Address>
	</flight_details>
	
		
	<flight_details>
		<flight_number>AC0112</flight_number>
		<origin_city>London</origin_city>
		<destination_city>Vancouver</destination_city>
		<airline>Air Canada</airline>
		<available_seats>295</available_seats>
		<number_of_connections>0</number_of_connections>
			<fare>
				<currency>GBP</currency>
				<value>1020</value>
			</fare>
			<Airport_Address>
				<origin_airport_postcode>TW61EW</origin_airport_postcode>
				<destination_airport_postcode>V7B0A4</destination_airport_postcode>
			</Airport_Address>
	</flight_details>
		
	<flight_details>
		<flight_number>RA5657</flight_number>
		<origin_city>London</origin_city>
		<destination_city>Glasgow</destination_city>
		<airline>Ryanair</airline>
		<available_seats>250</available_seats>
		<number_of_connections>0</number_of_connections>
			<fare>
				<currency>GBP</currency>
				<value>75</value>
			</fare>
			<Airport_Address>
				<origin_airport_postcode>TW61EW</origin_airport_postcode>
				<destination_airport_postcode>PA32SW</destination_airport_postcode>
			</Airport_Address>
	</flight_details>
	
	<flight_details>
		<flight_number>BE4074</flight_number>
		<origin_city>London</origin_city>
		<destination_city>Newquay</destination_city>
		<airline>FlyBE</airline>
		<available_seats>45</available_seats>
		<number_of_connections>0</number_of_connections>
			<fare>
				<currency>GBP</currency>
				<value>98</value>
			</fare>
			<Airport_Address>
				<origin_airport_postcode>TW61EW</origin_airport_postcode>
				<destination_airport_postcode>TR84RQ</destination_airport_postcode>
			</Airport_Address>
	</flight_details>
	
		<flight_details>
		<flight_number>BE1300</flight_number>
		<origin_city>Birmingham</origin_city>
		<destination_city>London</destination_city>
		<airline>FlyBE</airline>
		<available_seats>105</available_seats>
		<number_of_connections>0</number_of_connections>
			<fare>
				<currency>GBP</currency>
				<value>70</value>
			</fare>
			<Airport_Address>
				<origin_airport_postcode>B263QJ</origin_airport_postcode>
				<destination_airport_postcode>TW61EW</destination_airport_postcode>
			</Airport_Address>
	</flight_details>

	<flight_details>
		<flight_number>AC9000</flight_number>
		<origin_city>Toronto</origin_city>
		<destination_city>Vancouver</destination_city>
		<airline>Air Canada</airline>
		<available_seats>105</available_seats>
		<number_of_connections>0</number_of_connections>
			<fare>
				<currency>CDN</currency>
				<value>220</value>
			</fare>
			<Airport_Address>
				<origin_airport_postcode>L5P1B2</origin_airport_postcode>
				<destination_airport_postcode>V7B0A4</destination_airport_postcode>
			</Airport_Address>
	</flight_details>
	
	<flight_details>
		<flight_number>TR1240</flight_number>
		<origin_city>Kitchener</origin_city>
		<destination_city>Vancouver</destination_city>
		<airline>Air Transat</airline>
		<available_seats>95</available_seats>
		<number_of_connections>0</number_of_connections>
			<fare>
				<currency>CDN</currency>
				<value>180</value>
			</fare>
			<Airport_Address>
				<origin_airport_postcode>N0B1M0</origin_airport_postcode>
				<destination_airport_postcode>V7B0A4</destination_airport_postcode>
			</Airport_Address>
	</flight_details>
</List_Of_Flights>
