<?xml version="1.0" encoding="UTF-8" standalone="yes"?>
<List_Of_Flights xmlns="http://xml.netbeans.org/schema/Flights">
    <flight_details>
        <flight_number>AC1274</flight_number>
        <origin_city>London</origin_city>
        <destination_city>Toronto</destination_city>
        <airline>Air Canada</airline>
        <available_seats>220</available_seats>
        <number_of_connections>0</number_of_connections>
        <fare>
            <currency>GBP</currency>
            <value>899.0</value>
        </fare>
        <Airport_Address>
            <origin_airport_postcode>TW61EW</origin_airport_postcode>
            <destination_airport_postcode>L5P1B2</destination_airport_postcode>
        </Airport_Address>
    </flight_details>
    <flight_details>
        <flight_number>AC0057</flight_number>
        <origin_city>London</origin_city>
        <destination_city>Montreal</destination_city>
        <airline>Air Canada</airline>
        <available_seats>249</available_seats>
        <number_of_connections>50</number_of_connections>
        <fare>
            <currency>GBP</currency>
            <value>899.0</value>
        </fare>
        <Airport_Address>
            <origin_airport_postcode>TW61EW</origin_airport_postcode>
            <destination_airport_postcode>H4Y1H1</destination_airport_postcode>
        </Airport_Address>
    </flight_details>
    <flight_details>
        <flight_number>AC0112</flight_number>
        <origin_city>London</origin_city>
        <destination_city>Vancouver</destination_city>
        <airline>Air Canada</airline>
        <available_seats>295</available_seats>
        <number_of_connections>0</number_of_connections>
        <fare>
            <currency>GBP</currency>
            <value>1020.0</value>
        </fare>
        <Airport_Address>
            <origin_airport_postcode>TW61EW</origin_airport_postcode>
            <destination_airport_postcode>V7B0A4</destination_airport_postcode>
        </Airport_Address>
    </flight_details>
    <flight_details>
        <flight_number>RA5657</flight_number>
        <origin_city>London</origin_city>
        <destination_city>Glasgow</destination_city>
        <airline>Ryanair</airline>
        <available_seats>42</available_seats>
        <number_of_connections>0</number_of_connections>
        <fare>
            <currency>GBP</currency>
            <value>75.0</value>
        </fare>
        <Airport_Address>
            <origin_airport_postcode>TW61EW</origin_airport_postcode>
            <destination_airport_postcode>PA32SW</destination_airport_postcode>
        </Airport_Address>
    </flight_details>
    <flight_details>
        <flight_number>RA0051</flight_number>
        <origin_city>London</origin_city>
        <destination_city>Glasgow</destination_city>
        <airline>Ryanair</airline>
        <available_seats>48</available_seats>
        <number_of_connections>0</number_of_connections>
        <fare>
            <currency>GBP</currency>
            <value>125.0</value>
        </fare>
        <Airport_Address>
            <origin_airport_postcode>TW61EW</origin_airport_postcode>
            <destination_airport_postcode>PA32SW</destination_airport_postcode>
        </Airport_Address>
    </flight_details>
    <flight_details>
        <flight_number>BE4074</flight_number>
        <origin_city>London</origin_city>
        <destination_city>Newquay</destination_city>
        <airline>FlyBE</airline>
        <available_seats>14</available_seats>
        <number_of_connections>0</number_of_connections>
        <fare>
            <currency>GBP</currency>
            <value>98.0</value>
        </fare>
        <Airport_Address>
            <origin_airport_postcode>TW61EW</origin_airport_postcode>
            <destination_airport_postcode>TR84RQ</destination_airport_postcode>
        </Airport_Address>
    </flight_details>
    <flight_details>
        <flight_number>BE1300</flight_number>
        <origin_city>Birmingham</origin_city>
        <destination_city>London</destination_city>
        <airline>FlyBE</airline>
        <available_seats>95</available_seats>
        <number_of_connections>0</number_of_connections>
        <fare>
            <currency>GBP</currency>
            <value>70.0</value>
        </fare>
        <Airport_Address>
            <origin_airport_postcode>B263QJ</origin_airport_postcode>
            <destination_airport_postcode>TW61EW</destination_airport_postcode>
        </Airport_Address>
    </flight_details>
    <flight_details>
        <flight_number>AC9000</flight_number>
        <origin_city>Toronto</origin_city>
        <destination_city>Vancouver</destination_city>
        <airline>Air Canada</airline>
        <available_seats>105</available_seats>
        <number_of_connections>0</number_of_connections>
        <fare>
            <currency>CAD</currency>
            <value>220.0</value>
        </fare>
        <Airport_Address>
            <origin_airport_postcode>L5P1B2</origin_airport_postcode>
            <destination_airport_postcode>V7B0A4</destination_airport_postcode>
        </Airport_Address>
    </flight_details>
    <flight_details>
        <flight_number>TR1240</flight_number>
        <origin_city>Kitchener</origin_city>
        <destination_city>Vancouver</destination_city>
        <airline>Air Transat</airline>
        <available_seats>93</available_seats>
        <number_of_connections>0</number_of_connections>
        <fare>
            <currency>CAD</currency>
            <value>180.0</value>
        </fare>
        <Airport_Address>
            <origin_airport_postcode>N0B1M0</origin_airport_postcode>
            <destination_airport_postcode>V7B0A4</destination_airport_postcode>
        </Airport_Address>
    </flight_details>
</List_Of_Flights>
