<?xml version="1.0" encoding="UTF-8" standalone="yes"?>
<List_Of_Airports xmlns="http://xml.netbeans.org/schema/Airports">
    <airport_details>
		<airport_name>Heathrow</airport_name>
		<airport_city>London</airport_city>
		<airport_postcode>TW61EW</airport_postcode>
	</airport_details>
	<airport_details>
		<airport_name>Glasgow Airport</airport_name>
		<airport_city>Glasgow</airport_city>
		<airport_postcode>PA32SW</airport_postcode>
	</airport_details>
	<airport_details>
		<airport_name>Cornwall Airport Newquay</airport_name>
		<airport_city>Newquay</airport_city>
		<airport_postcode>TR84RQ</airport_postcode>
	</airport_details>
	<airport_details>
		<airport_name>Toronto Pearson International Airport</airport_name>
		<airport_city>Toronto</airport_city>
		<airport_postcode>L5P1B2</airport_postcode>
	</airport_details>
	<airport_details>
		<airport_name>Region of Waterloo International Airport</airport_name>
		<airport_city>Kitchener</airport_city>
		<airport_postcode>N0B1M0</airport_postcode>
	</airport_details>
	<airport_details>
		<airport_name>Vancouver International Airport</airport_name>
		<airport_city>Vancouver</airport_city>
		<airport_postcode>V7B0A4</airport_postcode>
	</airport_details>
</List_Of_Airports>