<?xml version="1.0" encoding="UTF-8"?><!--
        *** GENERATED FROM jax-ws.xml - DO NOT EDIT !                             ***
        *** TO MODIFY wsimport options USE Web Service node -> Edit WS Attributes ***
        *** TO CHANGE TARGETS GENERATED TO jaxws-build.xml COPY THOSE             ***
        *** TARGETS TO ../build.xml AND MODIFY THAT FILE INSTEAD                  ***

        --><project xmlns:xalan="http://xml.apache.org/xslt" xmlns:j2seproject3="http://www.netbeans.org/ns/j2se-project/3" xmlns:jaxws="http://www.netbeans.org/ns/jax-ws/1">
    <!--
                ===================
                JAX-WS WSIMPORT SECTION
                ===================
            -->
    <target name="wsimport-init" depends="init">
        <mkdir dir="${build.generated.sources.dir}/jax-ws"/>
        <taskdef name="wsimport" classname="com.sun.tools.ws.ant.WsImport">
            <classpath path="${libs.jaxws21.classpath}"/>
        </taskdef>
    </target>
    <target name="wsimport-client-ReturnFlightsList" depends="wsimport-init">
        <mkdir dir="${build.generated.dir}/jax-wsCache/ReturnFlightsList"/>
        <property name="wsdl-ReturnFlightsList" location="xml-resources/web-service-references/ReturnFlightsList/wsdl/localhost_8080/ReturnFlightsList/ReturnFlightsList.wsdl"/>
        <wsimport sourcedestdir="${build.generated.dir}/jax-wsCache/ReturnFlightsList" destdir="${build.generated.dir}/jax-wsCache/ReturnFlightsList" wsdl="${wsdl-ReturnFlightsList}" catalog="catalog.xml" encoding="${source.encoding}" extension="true" verbose="true" fork="false" wsdlLocation="http://localhost:8080/ReturnFlightsList/ReturnFlightsList?wsdl" xnocompile="true" xendorsed="true" package="FlightsWS">
            <depends file="${wsdl-ReturnFlightsList}"/>
            <produces dir="${build.generated.dir}/jax-wsCache/ReturnFlightsList"/>
        </wsimport>
        <copy todir="${build.generated.sources.dir}/jax-ws">
            <fileset dir="${build.generated.dir}/jax-wsCache/ReturnFlightsList">
                <include name="**/*.java"/>
            </fileset>
        </copy>
    </target>
    <target name="wsimport-client-clean-ReturnFlightsList" depends="-init-project">
        <delete dir="${build.generated.dir}/jax-wsCache/ReturnFlightsList"/>
        <delete dir="${build.generated.sources.dir}/jax-ws/FlightsWS"/>
    </target>
    <target name="wsimport-client-ConvertCurrency" depends="wsimport-init">
        <mkdir dir="${build.generated.dir}/jax-wsCache/ConvertCurrency"/>
        <property name="wsdl-ConvertCurrency" location="xml-resources/web-service-references/ConvertCurrency/wsdl/localhost_8080/ConvertCurrency/ConvertCurrency.wsdl"/>
        <wsimport sourcedestdir="${build.generated.dir}/jax-wsCache/ConvertCurrency" destdir="${build.generated.dir}/jax-wsCache/ConvertCurrency" wsdl="${wsdl-ConvertCurrency}" catalog="catalog.xml" encoding="${source.encoding}" extension="true" verbose="true" fork="false" wsdlLocation="http://localhost:8080/ConvertCurrency/ConvertCurrency?wsdl" xnocompile="true" xendorsed="true" package="flightbookingclient">
            <depends file="${wsdl-ConvertCurrency}"/>
            <produces dir="${build.generated.dir}/jax-wsCache/ConvertCurrency"/>
        </wsimport>
        <copy todir="${build.generated.sources.dir}/jax-ws">
            <fileset dir="${build.generated.dir}/jax-wsCache/ConvertCurrency">
                <include name="**/*.java"/>
            </fileset>
        </copy>
    </target>
    <target name="wsimport-client-clean-ConvertCurrency" depends="-init-project">
        <delete dir="${build.generated.dir}/jax-wsCache/ConvertCurrency"/>
        <delete dir="${build.generated.sources.dir}/jax-ws/flightbookingclient"/>
    </target>
    <target name="wsimport-client-GetDirectionsWS" depends="wsimport-init">
        <mkdir dir="${build.generated.dir}/jax-wsCache/GetDirectionsWS"/>
        <property name="wsdl-GetDirectionsWS" location="xml-resources/web-service-references/GetDirectionsWS/wsdl/localhost_8080/FlightBookingService/GetDirectionsWS.wsdl"/>
        <wsimport sourcedestdir="${build.generated.dir}/jax-wsCache/GetDirectionsWS" destdir="${build.generated.dir}/jax-wsCache/GetDirectionsWS" wsdl="${wsdl-GetDirectionsWS}" catalog="catalog.xml" encoding="${source.encoding}" extension="true" verbose="true" fork="false" wsdlLocation="http://localhost:8080/FlightBookingService/GetDirectionsWS?wsdl" xnocompile="true" xendorsed="true">
            <depends file="${wsdl-GetDirectionsWS}"/>
            <produces dir="${build.generated.dir}/jax-wsCache/GetDirectionsWS"/>
        </wsimport>
        <copy todir="${build.generated.sources.dir}/jax-ws">
            <fileset dir="${build.generated.dir}/jax-wsCache/GetDirectionsWS">
                <include name="**/*.java"/>
            </fileset>
        </copy>
    </target>
    <target name="wsimport-client-clean-GetDirectionsWS" depends="-init-project">
        <delete dir="${build.generated.dir}/jax-wsCache/GetDirectionsWS"/>
        <delete dir="${build.generated.sources.dir}/jax-ws/org/me/flightbooking"/>
    </target>
    <target name="wsimport-client-generate" depends="wsimport-client-ReturnFlightsList, wsimport-client-ConvertCurrency, wsimport-client-GetDirectionsWS"/>
</project>
