<?xml version="1.0" encoding="UTF-8" standalone="yes"?>
<List_Of_Flights xmlns="http://xml.netbeans.org/schema/Flights">
    <flight_details>
		<origin_city>London</origin_city>
		<destination_city>Toronto</destination_city>
		<airline>Air Canada</airline>
		<available_seats>250</available_seats>
		<number_of_connections>0</number_of_connections>
			<fare>
				<currency>GPB</currency>
				<value>899</value>
			</fare>
		</flight_details>
		
	<flight_details>
		<origin_city>London</origin_city>
		<destination_city>Montreal</destination_city>
		<airline>Air Canada</airline>
		<available_seats>250</available_seats>
		<number_of_connections>1</number_of_connections>
			<fare>
				<currency>GBP</currency>
				<value>899</value>
			</fare>
	</flight_details>
	
		<flight_details>
		<origin_city>London</origin_city>
		<destination_city>Montreal</destination_city>
		<airline>Air Canada</airline>
		<available_seats>250</available_seats>
		<number_of_connections>0</number_of_connections>
			<fare>
				<currency>GPB</currency>
				<value>999</value>
			</fare>
	</flight_details>
		
	<flight_details>
		<origin_city>London</origin_city>
		<destination_city>Vancouver</destination_city>
		<airline>Air Canada</airline>
		<available_seats>295</available_seats>
		<number_of_connections>0</number_of_connections>
			<fare>
				<currency>GBP</currency>
				<value>1020</value>
			</fare>
	</flight_details>
		
	<flight_details>
		<origin_city>London</origin_city>
		<destination_city>Glasgow</destination_city>
		<airline>Ryanair</airline>
		<available_seats>250</available_seats>
		<number_of_connections>0</number_of_connections>
			<fare>
				<currency>GBP</currency>
				<value>75</value>
			</fare>
	</flight_details>
	
	<flight_details>
		<origin_city>London</origin_city>
		<destination_city>Newquay</destination_city>
		<airline>FlyBE</airline>
		<available_seats>45</available_seats>
		<number_of_connections>0</number_of_connections>
			<fare>
				<currency>GBP</currency>
				<value>98</value>
			</fare>
	</flight_details>
	
		<flight_details>
		<origin_city>London</origin_city>
		<destination_city>Birmingham</destination_city>
		<airline>FlyBE</airline>
		<available_seats>105</available_seats>
		<number_of_connections>0</number_of_connections>
			<fare>
				<currency>GBP</currency>
				<value>70</value>
			</fare>
	</flight_details>

	<flight_details>
		<origin_city>Toronto</origin_city>
		<destination_city>Vancouver</destination_city>
		<airline>Air Canada</airline>
		<available_seats>105</available_seats>
		<number_of_connections>0</number_of_connections>
			<fare>
				<currency>CDN</currency>
				<value>220</value>
			</fare>
	</flight_details>
	
	<flight_details>
		<origin_city>Kitchener</origin_city>
		<destination_city>Vancouver</destination_city>
		<airline>Air Transat</airline>
		<available_seats>95</available_seats>
		<number_of_connections>0</number_of_connections>
			<fare>
				<currency>CDN</currency>
				<value>180</value>
			</fare>
	</flight_details>
</List_Of_Flights>
